Id;FirstName;LastName;PassportNumber
0f66f4fd-e364-4a02-8261-85013bb6665a;Niklas;Haas;000000000
dbfe82b6-1b10-456c-8848-27e297e73227;Benjamin;Appel;111111111
1f709791-94fe-40f9-b83d-e4310f53fe13;Niklas;Haas;000000000
5df07f96-5808-4e51-8a8a-e8f7610d1a65;Benjamin;Appel;111111111
d080fee8-26e0-4f9d-8911-e830a8ebea2f;Niklas;Haas;000000000
cd42398d-8d2e-4320-acf0-90f642c87122;Benjamin;Appel;111111111
e4b008ba-7218-4b96-a890-18dd292c01a5;Niklas;Haas;000000000
85f3b38a-c1ec-4591-9a68-ffdf22a190cc;Benjamin;Appel;111111111
e9ae3573-73b8-48fa-97c8-76ab68bae7ed;Niklas;Haas;000000000
f363cf17-019c-4dc8-b781-9fac853f4d6c;Benjamin;Appel;111111111
f7f658a7-3d8a-4e01-ab1e-90b18e671932;Niklas;Haas;000000000
de1098e1-9df2-47c6-98a1-bdebc382e70a;Benjamin;Appel;111111111
eab0ac7f-770e-402b-9220-1536053343d9;Niklas;Haas;000000000
35da33f5-5793-459d-a8f7-a22028607fdc;Benjamin;Appel;111111111
a841d587-499e-4941-9d55-a0b9f098d990;Niklas;Haas;000000000
ce077e6e-3695-4eed-8c78-dc817ca67ff7;Benjamin;Appel;111111111
9a545101-10ce-4fcf-b103-e80a4cdb1a35;Niklas;Haas;000000000
fecc4460-361f-45b9-adb2-76541524ee3f;Benjamin;Appel;111111111
8c6e6573-08bf-42cb-b5cf-45cad22dccad;Niklas;Haas;000000000
080e46a9-10be-4d6d-ba26-f4c45ff4f234;Benjamin;Appel;111111111
1;Niklas;Haas;000000000
2;Benjamin;Appel;111111111
